classNumber,classTitle,salaryRange,itPos,Step 1,Step 2,Step 3,Step 4,Step 5,Step 6,Step 7,Step 8,Step 9,Step 10,Step 1 COLA4,Step 2 COLA4,Step 3 COLA4,Step 4 COLA4,Step 5 COLA4,Step 6 COLA4,Step 7 COLA4,Step 8 COLA4,Step 9 COLA4,Step 10 COLA4
4511,Able Mariner,18,,"$3,022 ","$3,140 ","$3,279 ","$3,418 ","$3,574 ","$3,741 ","$3,921 ","$4,107 ","$4,303 ","$4,507 ","$3,500 ","$3,636 ","$3,797 ","$3,958 ","$4,139 ","$4,332 ","$4,541 ","$4,756 ","$4,983 ","$5,219 "
1202,Accountant 1,23,,"$3,741 ","$3,921 ","$4,107 ","$4,303 ","$4,507 ","$4,733 ","$4,956 ","$5,193 ","$5,442 ","$5,709 ","$4,332 ","$4,541 ","$4,756 ","$4,983 ","$5,219 ","$5,481 ","$5,739 ","$6,014 ","$6,302 ","$6,611 "
1203,Accountant 2,25,,"$4,107 ","$4,303 ","$4,507 ","$4,733 ","$4,956 ","$5,193 ","$5,442 ","$5,709 ","$5,992 ","$6,286 ","$4,756 ","$4,983 ","$5,219 ","$5,481 ","$5,739 ","$6,014 ","$6,302 ","$6,611 ","$6,939 ","$7,280 "
201,Accounting Technician,16,,"$2,807 ","$2,897 ","$3,022 ","$3,140 ","$3,279 ","$3,418 ","$3,574 ","$3,741 ","$3,921 ","$4,107 ","$3,251 ","$3,355 ","$3,500 ","$3,636 ","$3,797 ","$3,958 ","$4,139 ","$4,332 ","$4,541 ","$4,756 "
107,Administrative Program Assistant,18,,"$3,022 ","$3,140 ","$3,279 ","$3,418 ","$3,574 ","$3,741 ","$3,921 ","$4,107 ","$4,303 ","$4,507 ","$3,500 ","$3,636 ","$3,797 ","$3,958 ","$4,139 ","$4,332 ","$4,541 ","$4,756 ","$4,983 ","$5,219 "
108,Administrative Program Specialist,20,,"$3,279 ","$3,418 ","$3,574 ","$3,741 ","$3,921 ","$4,107 ","$4,303 ","$4,507 ","$4,733 ","$4,956 ","$3,797 ","$3,958 ","$4,139 ","$4,332 ","$4,541 ","$4,756 ","$4,983 ","$5,219 ","$5,481 ","$5,739 "
1464*,Analyst Programmer,34I,Yes,,,,,,,,,,,,,,,,,,,,
3615***,Architectural Consultant,30,,"$5,193 ","$5,442 ","$5,709 ","$5,992 ","$6,286 ","$6,587 ","$6,913 ","$7,247 ","$7,601 ","$7,968 ","$6,014 ","$6,302 ","$6,611 ","$6,939 ","$7,280 ","$7,628 ","$8,006 ","$8,392 ","$8,802 ","$9,227 "
3150,Architectural Drafter 1,16,,"$2,807 ","$2,897 ","$3,022 ","$3,140 ","$3,279 ","$3,418 ","$3,574 ","$3,741 ","$3,921 ","$4,107 ","$3,251 ","$3,355 ","$3,500 ","$3,636 ","$3,797 ","$3,958 ","$4,139 ","$4,332 ","$4,541 ","$4,756 "
3151***,Architectural Drafter 2,23,,"$3,741 ","$3,921 ","$4,107 ","$4,303 ","$4,507 ","$4,733 ","$4,956 ","$5,193 ","$5,442 ","$5,709 ","$4,332 ","$4,541 ","$4,756 ","$4,983 ","$5,219 ","$5,481 ","$5,739 ","$6,014 ","$6,302 ","$6,611 "
2205,Archivist,21,,"$3,418 ","$3,574 ","$3,741 ","$3,921 ","$4,107 ","$4,303 ","$4,507 ","$4,733 ","$4,956 ","$5,193 ","$3,958 ","$4,139 ","$4,332 ","$4,541 ","$4,756 ","$4,983 ","$5,219 ","$5,481 ","$5,739 ","$6,014 "
4535,Assistant Port Engineer,26,,"$4,303 ","$4,507 ","$4,733 ","$4,956 ","$5,193 ","$5,442 ","$5,709 ","$5,992 ","$6,286 ","$6,587 ","$4,983 ","$5,219 ","$5,481 ","$5,739 ","$6,014 ","$6,302 ","$6,611 ","$6,939 ","$7,280 ","$7,628 "
0715***,Athletic Equipment Coordinator,19,,"$3,140 ","$3,279 ","$3,418 ","$3,574 ","$3,741 ","$3,921 ","$4,107 ","$4,303 ","$4,507 ","$4,733 ","$3,636 ","$3,797 ","$3,958 ","$4,139 ","$4,332 ","$4,541 ","$4,756 ","$4,983 ","$5,219 ","$5,481 "
2190,Audio Visual Assistant,10,,$0 ,$0 ,$0 ,$0 ,$0 ,"$2,702 ","$2,807 ","$2,897 ","$3,022 ","$3,140 ",$0 ,$0 ,$0 ,$0 ,$0 ,"$3,129 ","$3,251 ","$3,355 ","$3,500 ","$3,636 "
2191,Audio Visual Technician 1,12,,$0 ,$0 ,$0 ,"$2,702 ","$2,807 ","$2,897 ","$3,022 ","$3,140 ","$3,279 ","$3,418 ",$0 ,$0 ,$0 ,"$3,129 ","$3,251 ","$3,355 ","$3,500 ","$3,636 ","$3,797 ","$3,958 "
2192,Audio Visual Technician 2,15,,"$2,702 ","$2,807 ","$2,897 ","$3,022 ","$3,140 ","$3,279 ","$3,418 ","$3,574 ","$3,741 ","$3,921 ","$3,129 ","$3,251 ","$3,355 ","$3,500 ","$3,636 ","$3,797 ","$3,958 ","$4,139 ","$4,332 ","$4,541 "
2195,AudioNideo Repair Technician,18B,,$0 ,$0 ,$0 ,$0 ,"$3,574 ","$3,741 ","$3,921 ","$4,107 ","$4,303 ","$4,507 ",$0 ,$0 ,$0 ,$0 ,"$4,139 ","$4,332 ","$4,541 ","$4,756 ","$4,983 ","$5,219 "
4410,Auto Mechanic 1,12B,,$0 ,$0 ,$0 ,$0 ,"$2,807 ","$2,897 ","$3,022 ","$3,140 ","$3,279 ","$3,418 ",$0 ,$0 ,$0 ,$0 ,"$3,251 ","$3,355 ","$3,500 ","$3,636 ","$3,797 ","$3,958 "
4411,Auto Mechanic 2,16B,,$0 ,$0 ,$0 ,$0 ,"$3,279 ","$3,418 ","$3,574 ","$3,741 ","$3,921 ","$4,107 ",$0 ,$0 ,$0 ,$0 ,"$3,797 ","$3,958 ","$4,139 ","$4,332 ","$4,541 ","$4,756 "
9110,Baker,17,,"$2,897 ","$3,022 ","$3,140 ","$3,279 ","$3,418 ","$3,574 ","$3,741 ","$3,921 ","$4,107 ","$4,303 ","$3,355 ","$3,500 ","$3,636 ","$3,797 ","$3,958 ","$4,139 ","$4,332 ","$4,541 ","$4,756 ","$4,983 "
8113,Bio Science Research Tech 1,13,,$0 ,$0 ,"$2,702 ","$2,807 ","$2,897 ","$3,022 ","$3,140 ","$3,279 ","$3,418 ","$3,574 ",$0 ,$0 ,"$3,129 ","$3,251 ","$3,355 ","$3,500 ","$3,636 ","$3,797 ","$3,958 ","$4,139 "
8114,Bio Science Research Tech 2,15,,"$2,702 ","$2,807 ","$2,897 ","$3,022 ","$3,140 ","$3,279 ","$3,418 ","$3,574 ","$3,741 ","$3,921 ","$3,129 ","$3,251 ","$3,355 ","$3,500 ","$3,636 ","$3,797 ","$3,958 ","$4,139 ","$4,332 ","$4,541 "
8115,Bio Science Research Tech 3,17,,"$2,897 ","$3,022 ","$3,140 ","$3,279 ","$3,418 ","$3,574 ","$3,741 ","$3,921 ","$4,107 ","$4,303 ","$3,355 ","$3,500 ","$3,636 ","$3,797 ","$3,958 ","$4,139 ","$4,332 ","$4,541 ","$4,756 ","$4,983 "
8110,Bio Science Research Worker,10,,$0 ,$0 ,$0 ,$0 ,$0 ,"$2,702 ","$2,807 ","$2,897 ","$3,022 ","$3,140 ",$0 ,$0 ,$0 ,$0 ,$0 ,"$3,129 ","$3,251 ","$3,355 ","$3,500 ","$3,636 "
4515,Boat Operator,19B,,$0 ,$0 ,$0 ,$0 ,"$3,741 ","$3,921 ","$4,107 ","$4,303 ","$4,507 ","$4,733 ",$0 ,$0 ,$0 ,$0 ,"$4,332 ","$4,541 ","$4,756 ","$4,983 ","$5,219 ","$5,481 "
4512,Boatswain,20,,"$3,279 ","$3,418 ","$3,574 ","$3,741 ","$3,921 ","$4,107 ","$4,303 ","$4,507 ","$4,733 ","$4,956 ","$3,797 ","$3,958 ","$4,139 ","$4,332 ","$4,541 ","$4,756 ","$4,983 ","$5,219 ","$5,481 ","$5,739 "
2162,Broadcasl/Telecomm Engineer 1,21,,"$3,418 ","$3,574 ","$3,741 ","$3,921 ","$4,107 ","$4,303 ","$4,507 ","$4,733 ","$4,956 ","$5,193 ","$3,958 ","$4,139 ","$4,332 ","$4,541 ","$4,756 ","$4,983 ","$5,219 ","$5,481 ","$5,739 ","$6,014 "
2163,Broadcasl/Telecomm Engineer 2,23,,"$3,741 ","$3,921 ","$4,107 ","$4,303 ","$4,507 ","$4,733 ","$4,956 ","$5,193 ","$5,442 ","$5,709 ","$4,332 ","$4,541 ","$4,756 ","$4,983 ","$5,219 ","$5,481 ","$5,739 ","$6,014 ","$6,302 ","$6,611 "
1142,Budget Analyst,26,,"$4,303 ","$4,507 ","$4,733 ","$4,956 ","$5,193 ","$5,442 ","$5,709 ","$5,992 ","$6,286 ","$6,587 ","$4,983 ","$5,219 ","$5,481 ","$5,739 ","$6,014 ","$6,302 ","$6,611 ","$6,939 ","$7,280 ","$7,628 "
792,Buyer 1,18,,"$3,022 ","$3,140 ","$3,279 ","$3,418 ","$3,574 ","$3,741 ","$3,921 ","$4,107 ","$4,303 ","$4,507 ","$3,500 ","$3,636 ","$3,797 ","$3,958 ","$4,139 ","$4,332 ","$4,541 ","$4,756 ","$4,983 ","$5,219 "
793,Buyer 2,20,,"$3,279 ","$3,418 ","$3,574 ","$3,741 ","$3,921 ","$4,107 ","$4,303 ","$4,507 ","$4,733 ","$4,956 ","$3,797 ","$3,958 ","$4,139 ","$4,332 ","$4,541 ","$4,756 ","$4,983 ","$5,219 ","$5,481 ","$5,739 "
794,Buyer 3,23,,"$3,741 ","$3,921 ","$4,107 ","$4,303 ","$4,507 ","$4,733 ","$4,956 ","$5,193 ","$5,442 ","$5,709 ","$4,332 ","$4,541 ","$4,756 ","$4,983 ","$5,219 ","$5,481 ","$5,739 ","$6,014 ","$6,302 ","$6,611 "
312,Campus Dispatcher,15,,"$2,702 ","$2,807 ","$2,897 ","$3,022 ","$3,140 ","$3,279 ","$3,418 ","$3,574 ","$3,741 ","$3,921 ","$3,129 ","$3,251 ","$3,355 ","$3,500 ","$3,636 ","$3,797 ","$3,958 ","$4,139 ","$4,332 ","$4,541 "
5520,Campus Patrol Officer,12,,$0 ,$0 ,$0 ,"$2,702 ","$2,807 ","$2,897 ","$3,022 ","$3,140 ","$3,279 ","$3,418 ",$0 ,$0 ,$0 ,"$3,129 ","$3,251 ","$3,355 ","$3,500 ","$3,636 ","$3,797 ","$3,958 "
5522***,Campus Security/Public Safety Officer,22,,"$3,574 ","$3,741 ","$3,921 ","$4,107 ","$4,303 ","$4,507 ","$4,733 ","$4,956 ","$5,193 ","$5,442 ","$4,139 ","$4,332 ","$4,541 ","$4,756 ","$4,983 ","$5,219 ","$5,481 ","$5,739 ","$6,014 ","$6,302 "
4207,Carpenter,19B,,$0 ,$0 ,$0 ,$0 ,"$3,741 ","$3,921 ","$4,107 ","$4,303 ","$4,507 ","$4,733 ",$0 ,$0 ,$0 ,$0 ,"$4,332 ","$4,541 ","$4,756 ","$4,983 ","$5,219 ","$5,481 "
3116,Cartographer 1,14,,$0 ,"$2,702 ","$2,807 ","$2,897 ","$3,022 ","$3,140 ","$3,279 ","$3,418 ","$3,574 ","$3,741 ",$0 ,"$3,129 ","$3,251 ","$3,355 ","$3,500 ","$3,636 ","$3,797 ","$3,958 ","$4,139 ","$4,332 "
3117,Cartographer 2,18,,"$3,022 ","$3,140 ","$3,279 ","$3,418 ","$3,574 ","$3,741 ","$3,921 ","$4,107 ","$4,303 ","$4,507 ","$3,500 ","$3,636 ","$3,797 ","$3,958 ","$4,139 ","$4,332 ","$4,541 ","$4,756 ","$4,983 ","$5,219 "
3118,Cartographer 3,20,,"$3,279 ","$3,418 ","$3,574 ","$3,741 ","$3,921 ","$4,107 ","$4,303 ","$4,507 ","$4,733 ","$4,956 ","$3,797 ","$3,958 ","$4,139 ","$4,332 ","$4,541 ","$4,756 ","$4,983 ","$5,219 ","$5,481 ","$5,739 "
3115,Cartographer Assistant,11,,$0 ,$0 ,$0 ,$0 ,"$2,702 ","$2,807 ","$2,897 ","$3,022 ","$3,140 ","$3,279 ",$0 ,$0 ,$0 ,$0 ,"$3,129 ","$3,251 ","$3,355 ","$3,500 ","$3,636 ","$3,797 "
3121,Cartographer Program Specialist,22,,"$3,574 ","$3,741 ","$3,921 ","$4,107 ","$4,303 ","$4,507 ","$4,733 ","$4,956 ","$5,193 ","$5,442 ","$4,139 ","$4,332 ","$4,541 ","$4,756 ","$4,983 ","$5,219 ","$5,481 ","$5,739 ","$6,014 ","$6,302 "
230,Cashier 1,10,,$0 ,$0 ,$0 ,$0 ,$0 ,"$2,702 ","$2,807 ","$2,897 ","$3,022 ","$3,140 ",$0 ,$0 ,$0 ,$0 ,$0 ,"$3,129 ","$3,251 ","$3,355 ","$3,500 ","$3,636 "
231,Cashier 2,12,,$0 ,$0 ,$0 ,"$2,702 ","$2,807 ","$2,897 ","$3,022 ","$3,140 ","$3,279 ","$3,418 ",$0 ,$0 ,$0 ,"$3,129 ","$3,251 ","$3,355 ","$3,500 ","$3,636 ","$3,797 ","$3,958 "
6223,Charge Nurse,30,,"$5,193 ","$5,442 ","$5,709 ","$5,992 ","$6,286 ","$6,587 ","$6,913 ","$7,247 ","$7,601 ","$7,968 ","$6,014 ","$6,302 ","$6,611 ","$6,939 ","$7,280 ","$7,628 ","$8,006 ","$8,392 ","$8,802 ","$9,227 "
3715,Chemist 1,21,,"$3,418 ","$3,574 ","$3,741 ","$3,921 ","$4,107 ","$4,303 ","$4,507 ","$4,733 ","$4,956 ","$5,193 ","$3,958 ","$4,139 ","$4,332 ","$4,541 ","$4,756 ","$4,983 ","$5,219 ","$5,481 ","$5,739 ","$6,014 "
3716,Chemist 2,23,,"$3,741 ","$3,921 ","$4,107 ","$4,303 ","$4,507 ","$4,733 ","$4,956 ","$5,193 ","$5,442 ","$5,709 ","$4,332 ","$4,541 ","$4,756 ","$4,983 ","$5,219 ","$5,481 ","$5,739 ","$6,014 ","$6,302 ","$6,611 "
3717,Chemist 3,25,,"$4,107 ","$4,303 ","$4,507 ","$4,733 ","$4,956 ","$5,193 ","$5,442 ","$5,709 ","$5,992 ","$6,286 ","$4,756 ","$4,983 ","$5,219 ","$5,481 ","$5,739 ","$6,014 ","$6,302 ","$6,611 ","$6,939 ","$7,280 "
4251,Co-Generation Engineer,25,,"$4,107 ","$4,303 ","$4,507 ","$4,733 ","$4,956 ","$5,193 ","$5,442 ","$5,709 ","$5,992 ","$6,286 ","$4,756 ","$4,983 ","$5,219 ","$5,481 ","$5,739 ","$6,014 ","$6,302 ","$6,611 ","$6,939 ","$7,280 "
5310,Construction Inspector,22B,,$0 ,$0 ,$0 ,$0 ,"$4,303 ","$4,507 ","$4,733 ","$4,956 ","$5,193 ","$5,442 ",$0 ,$0 ,$0 ,$0 ,"$4,983 ","$5,219 ","$5,481 ","$5,739 ","$6,014 ","$6,302 "
4270***,Construction Project Manager 1,26,,"$4,303 ","$4,507 ","$4,733 ","$4,956 ","$5,193 ","$5,442 ","$5,709 ","$5,992 ","$6,286 ","$6,587 ","$4,983 ","$5,219 ","$5,481 ","$5,739 ","$6,014 ","$6,302 ","$6,611 ","$6,939 ","$7,280 ","$7,628 "
4271***,Construction Project Manager 2,30,,"$5,193 ","$5,442 ","$5,709 ","$5,992 ","$6,286 ","$6,587 ","$6,913 ","$7,247 ","$7,601 ","$7,968 ","$6,014 ","$6,302 ","$6,611 ","$6,939 ","$7,280 ","$7,628 ","$8,006 ","$8,392 ","$8,802 ","$9,227 "
9116,Cook 1,13,,$0 ,$0 ,"$2,702 ","$2,807 ","$2,897 ","$3,022 ","$3,140 ","$3,279 ","$3,418 ","$3,574 ",$0 ,$0 ,"$3,129 ","$3,251 ","$3,355 ","$3,500 ","$3,636 ","$3,797 ","$3,958 ","$4,139 "
9117,Cook 2,17,,"$2,897 ","$3,022 ","$3,140 ","$3,279 ","$3,418 ","$3,574 ","$3,741 ","$3,921 ","$4,107 ","$4,303 ","$3,355 ","$3,500 ","$3,636 ","$3,797 ","$3,958 ","$4,139 ","$4,332 ","$4,541 ","$4,756 ","$4,983 "
4103,Custodial Services  Coordinator,18,,"$3,022 ","$3,140 ","$3,279 ","$3,418 ","$3,574 ","$3,741 ","$3,921 ","$4,107 ","$4,303 ","$4,507 ","$3,500 ","$3,636 ","$3,797 ","$3,958 ","$4,139 ","$4,332 ","$4,541 ","$4,756 ","$4,983 ","$5,219 "
4101,Custodian,12,,$0 ,$0 ,$0 ,"$2,702 ","$2,807 ","$2,897 ","$3,022 ","$3,140 ","$3,279 ","$3,418 ",$0 ,$0 ,$0 ,"$3,129 ","$3,251 ","$3,355 ","$3,500 ","$3,636 ","$3,797 ","$3,958 "
9114,Day Care Center Cook,13,,$0 ,$0 ,"$2,702 ","$2,807 ","$2,897 ","$3,022 ","$3,140 ","$3,279 ","$3,418 ","$3,574 ",$0 ,$0 ,"$3,129 ","$3,251 ","$3,355 ","$3,500 ","$3,636 ","$3,797 ","$3,958 ","$4,139 "
6390,Dental Assistant 1,14,,$0 ,"$2,702 ","$2,807 ","$2,897 ","$3,022 ","$3,140 ","$3,279 ","$3,418 ","$3,574 ","$3,741 ",$0 ,"$3,129 ","$3,251 ","$3,355 ","$3,500 ","$3,636 ","$3,797 ","$3,958 ","$4,139 ","$4,332 "
6391,Dental Assistant 2,17,,"$2,897 ","$3,022 ","$3,140 ","$3,279 ","$3,418 ","$3,574 ","$3,741 ","$3,921 ","$4,107 ","$4,303 ","$3,355 ","$3,500 ","$3,636 ","$3,797 ","$3,958 ","$4,139 ","$4,332 ","$4,541 ","$4,756 ","$4,983 "
6396,Dental Hygienist,30,,"$5,193 ","$5,442 ","$5,709 ","$5,992 ","$6,286 ","$6,587 ","$6,913 ","$7,247 ","$7,601 ","$7,968 ","$6,014 ","$6,302 ","$6,611 ","$6,939 ","$7,280 ","$7,628 ","$8,006 ","$8,392 ","$8,802 ","$9,227 "
3213,Development Engineer,26,,"$4,303 ","$4,507 ","$4,733 ","$4,956 ","$5,193 ","$5,442 ","$5,709 ","$5,992 ","$6,286 ","$6,587 ","$4,983 ","$5,219 ","$5,481 ","$5,739 ","$6,014 ","$6,302 ","$6,611 ","$6,939 ","$7,280 ","$7,628 "
2316,Early Childhood Assistant,12,,$0 ,$0 ,$0 ,"$2,702 ","$2,807 ","$2,897 ","$3,022 ","$3,140 ","$3,279 ","$3,418 ",$0 ,$0 ,$0 ,"$3,129 ","$3,251 ","$3,355 ","$3,500 ","$3,636 ","$3,797 ","$3,958 "
2315,Early Childhood Associate Teacher,17,,"$2,897 ","$3,022 ","$3,140 ","$3,279 ","$3,418 ","$3,574 ","$3,741 ","$3,921 ","$4,107 ","$4,303 ","$3,355 ","$3,500 ","$3,636 ","$3,797 ","$3,958 ","$4,139 ","$4,332 ","$4,541 ","$4,756 ","$4,983 "
2146,Editor,18,,"$3,022 ","$3,140 ","$3,279 ","$3,418 ","$3,574 ","$3,741 ","$3,921 ","$4,107 ","$4,303 ","$4,507 ","$3,500 ","$3,636 ","$3,797 ","$3,958 ","$4,139 ","$4,332 ","$4,541 ","$4,756 ","$4,983 ","$5,219 "
2145,Editor Assistant,15,,"$2,702 ","$2,807 ","$2,897 ","$3,022 ","$3,140 ","$3,279 ","$3,418 ","$3,574 ","$3,741 ","$3,921 ","$3,129 ","$3,251 ","$3,355 ","$3,500 ","$3,636 ","$3,797 ","$3,958 ","$4,139 ","$4,332 ","$4,541 "
2312,Education Program Assistant 1,18,,"$3,022 ","$3,140 ","$3,279 ","$3,418 ","$3,574 ","$3,741 ","$3,921 ","$4,107 ","$4,303 ","$4,507 ","$3,500 ","$3,636 ","$3,797 ","$3,958 ","$4,139 ","$4,332 ","$4,541 ","$4,756 ","$4,983 ","$5,219 "
2313,Education Program Assistant 2,20,,"$3,279 ","$3,418 ","$3,574 ","$3,741 ","$3,921 ","$4,107 ","$4,303 ","$4,507 ","$4,733 ","$4,956 ","$3,797 ","$3,958 ","$4,139 ","$4,332 ","$4,541 ","$4,756 ","$4,983 ","$5,219 ","$5,481 ","$5,739 "
2309,Education Project Assistant,11,,$0 ,$0 ,$0 ,$0 ,"$2,702 ","$2,807 ","$2,897 ","$3,022 ","$3,140 ","$3,279 ",$0 ,$0 ,$0 ,$0 ,"$3,129 ","$3,251 ","$3,355 ","$3,500 ","$3,636 ","$3,797 "
4248***,Electrical/Control System Technician,30,,"$5,193 ","$5,442 ","$5,709 ","$5,992 ","$6,286 ","$6,587 ","$6,913 ","$7,247 ","$7,601 ","$7,968 ","$6,014 ","$6,302 ","$6,611 ","$6,939 ","$7,280 ","$7,628 ","$8,006 ","$8,392 ","$8,802 ","$9,227 "
4213***,Electrician,28,,"$4,733 ","$4,956 ","$5,193 ","$5,442 ","$5,709 ","$5,992 ","$6,286 ","$6,587 ","$6,913 ","$7,247 ","$5,481 ","$5,739 ","$6,014 ","$6,302 ","$6,611 ","$6,939 ","$7,280 ","$7,628 ","$8,006 ","$8,392 "
4335,Electronic Technician 1,14B,,$0 ,$0 ,$0 ,$0 ,"$3,022 ","$3,140 ","$3,279 ","$3,418 ","$3,574 ","$3,741 ",$0 ,$0 ,$0 ,$0 ,"$3,500 ","$3,636 ","$3,797 ","$3,958 ","$4,139 ","$4,332 "
4336,Electronic Technician 2,17B,,$0 ,$0 ,$0 ,$0 ,"$3,418 ","$3,574 ","$3,741 ","$3,921 ","$4,107 ","$4,303 ",$0 ,$0 ,$0 ,$0 ,"$3,958 ","$4,139 ","$4,332 ","$4,541 ","$4,756 ","$4,983 "
4475,Elevator Mechanic,33,,"$5,992 ","$6,286 ","$6,587 ","$6,913 ","$7,247 ","$7,601 ","$7,968 ","$8,365 ","$8,765 ","$9,185 ","$6,939 ","$7,280 ","$7,628 ","$8,006 ","$8,392 ","$8,802 ","$9,227 ","$9,687 ","$10,150 ","$10,637 "
3901,Environmental Health & Safety Professional 1,19,,"$3,140 ","$3,279 ","$3,418 ","$3,574 ","$3,741 ","$3,921 ","$4,107 ","$4,303 ","$4,507 ","$4,733 ","$3,636 ","$3,797 ","$3,958 ","$4,139 ","$4,332 ","$4,541 ","$4,756 ","$4,983 ","$5,219 ","$5,481 "
3902,Environmental Health & Safety Professional 2,24,,"$3,921 ","$4,107 ","$4,303 ","$4,507 ","$4,733 ","$4,956 ","$5,193 ","$5,442 ","$5,709 ","$5,992 ","$4,541 ","$4,756 ","$4,983 ","$5,219 ","$5,481 ","$5,739 ","$6,014 ","$6,302 ","$6,611 ","$6,939 "
3903,Environmental Health & Safety Professional 3,27,,"$4,507 ","$4,733 ","$4,956 ","$5,193 ","$5,442 ","$5,709 ","$5,992 ","$6,286 ","$6,587 ","$6,913 ","$5,219 ","$5,481 ","$5,739 ","$6,014 ","$6,302 ","$6,611 ","$6,939 ","$7,280 ","$7,628 ","$8,006 "
4420,Equipment Operator 1,13B,,$0 ,$0 ,$0 ,$0 ,"$2,897 ","$3,022 ","$3,140 ","$3,279 ","$3,418 ","$3,574 ",$0 ,$0 ,$0 ,$0 ,"$3,355 ","$3,500 ","$3,636 ","$3,797 ","$3,958 ","$4,139 "
4421,Equipment Operator 2,17B,,$0 ,$0 ,$0 ,$0 ,"$3,418 ","$3,574 ","$3,741 ","$3,921 ","$4,107 ","$4,303 ",$0 ,$0 ,$0 ,$0 ,"$3,958 ","$4,139 ","$4,332 ","$4,541 ","$4,756 ","$4,983 "
1461*,Equipment Systems Specialist,26I,Yes,,,,,,,,,,,,,,,,,,,,
118,Executive Support Specialist 1,18,,"$3,022 ","$3,140 ","$3,279 ","$3,418 ","$3,574 ","$3,741 ","$3,921 ","$4,107 ","$4,303 ","$4,507 ","$3,500 ","$3,636 ","$3,797 ","$3,958 ","$4,139 ","$4,332 ","$4,541 ","$4,756 ","$4,983 ","$5,219 "
119,Executive Support Specialist 2,20,,"$3,279 ","$3,418 ","$3,574 ","$3,741 ","$3,921 ","$4,107 ","$4,303 ","$4,507 ","$4,733 ","$4,956 ","$3,797 ","$3,958 ","$4,139 ","$4,332 ","$4,541 ","$4,756 ","$4,983 ","$5,219 ","$5,481 ","$5,739 "
3251,Facilities Engineer 1,27,,"$4,507 ","$4,733 ","$4,956 ","$5,193 ","$5,442 ","$5,709 ","$5,992 ","$6,286 ","$6,587 ","$6,913 ","$5,219 ","$5,481 ","$5,739 ","$6,014 ","$6,302 ","$6,611 ","$6,939 ","$7,280 ","$7,628 ","$8,006 "
3252,Facilities Engineer 2,30,,"$5,193 ","$5,442 ","$5,709 ","$5,992 ","$6,286 ","$6,587 ","$6,913 ","$7,247 ","$7,601 ","$7,968 ","$6,014 ","$6,302 ","$6,611 ","$6,939 ","$7,280 ","$7,628 ","$8,006 ","$8,392 ","$8,802 ","$9,227 "
3253,Facilities Engineer 3,32,,"$5,709 ","$5,992 ","$6,286 ","$6,587 ","$6,913 ","$7,247 ","$7,601 ","$7,968 ","$8,365 ","$8,765 ","$6,611 ","$6,939 ","$7,280 ","$7,628 ","$8,006 ","$8,392 ","$8,802 ","$9,227 ","$9,687 ","$10,150 "
5641,Fiscal Auditor 1,23,,"$3,741 ","$3,921 ","$4,107 ","$4,303 ","$4,507 ","$4,733 ","$4,956 ","$5,193 ","$5,442 ","$5,709 ","$4,332 ","$4,541 ","$4,756 ","$4,983 ","$5,219 ","$5,481 ","$5,739 ","$6,014 ","$6,302 ","$6,611 "
5642,Fiscal Auditor 2,26,,"$4,303 ","$4,507 ","$4,733 ","$4,956 ","$5,193 ","$5,442 ","$5,709 ","$5,992 ","$6,286 ","$6,587 ","$4,983 ","$5,219 ","$5,481 ","$5,739 ","$6,014 ","$6,302 ","$6,611 ","$6,939 ","$7,280 ","$7,628 "
1205,Fiscal Coordinator 1,25,,"$4,107 ","$4,303 ","$4,507 ","$4,733 ","$4,956 ","$5,193 ","$5,442 ","$5,709 ","$5,992 ","$6,286 ","$4,756 ","$4,983 ","$5,219 ","$5,481 ","$5,739 ","$6,014 ","$6,302 ","$6,611 ","$6,939 ","$7,280 "
1207,Fiscal Coordinator 2,29,,"$4,956 ","$5,193 ","$5,442 ","$5,709 ","$5,992 ","$6,286 ","$6,587 ","$6,913 ","$7,247 ","$7,601 ","$5,739 ","$6,014 ","$6,302 ","$6,611 ","$6,939 ","$7,280 ","$7,628 ","$8,006 ","$8,392 ","$8,802 "
9103,Food Service Coordinator,18,,"$3,022 ","$3,140 ","$3,279 ","$3,418 ","$3,574 ","$3,741 ","$3,921 ","$4,107 ","$4,303 ","$4,507 ","$3,500 ","$3,636 ","$3,797 ","$3,958 ","$4,139 ","$4,332 ","$4,541 ","$4,756 ","$4,983 ","$5,219 "
9100,Food Service Worker 1,8,,$0 ,$0 ,$0 ,$0 ,$0 ,$0 ,$0 ,"$2,702 ","$2,807 ","$2,897 ",$0 ,$0 ,$0 ,$0 ,$0 ,$0 ,$0 ,"$3,129 ","$3,251 ","$3,355 "
9101,Food Service Worker 2,10,,$0 ,$0 ,$0 ,$0 ,$0 ,"$2,702 ","$2,807 ","$2,897 ","$3,022 ","$3,140 ",$0 ,$0 ,$0 ,$0 ,$0 ,"$3,129 ","$3,251 ","$3,355 ","$3,500 ","$3,636 "
9102,Food Service Worker 3,13,,$0 ,$0 ,"$2,702 ","$2,807 ","$2,897 ","$3,022 ","$3,140 ","$3,279 ","$3,418 ","$3,574 ",$0 ,$0 ,"$3,129 ","$3,251 ","$3,355 ","$3,500 ","$3,636 ","$3,797 ","$3,958 ","$4,139 "
4409,General Maintenance Mechanic,18B,,$0 ,$0 ,$0 ,$0 ,"$3,574 ","$3,741 ","$3,921 ","$4,107 ","$4,303 ","$4,507 ",$0 ,$0 ,$0 ,$0 ,"$4,139 ","$4,332 ","$4,541 ","$4,756 ","$4,983 ","$5,219 "
430,Grants/Contracts Coordinator,24,,"$3,921 ","$4,107 ","$4,303 ","$4,507 ","$4,733 ","$4,956 ","$5,193 ","$5,442 ","$5,709 ","$5,992 ","$4,541 ","$4,756 ","$4,983 ","$5,219 ","$5,481 ","$5,739 ","$6,014 ","$6,302 ","$6,611 ","$6,939 "
202,Grants/Contracts Technician,19,,"$3,140 ","$3,279 ","$3,418 ","$3,574 ","$3,741 ","$3,921 ","$4,107 ","$4,303 ","$4,507 ","$4,733 ","$3,636 ","$3,797 ","$3,958 ","$4,139 ","$4,332 ","$4,541 ","$4,756 ","$4,983 ","$5,219 ","$5,481 "
2511,Graphic Designer,21,,"$3,418 ","$3,574 ","$3,741 ","$3,921 ","$4,107 ","$4,303 ","$4,507 ","$4,733 ","$4,956 ","$5,193 ","$3,958 ","$4,139 ","$4,332 ","$4,541 ","$4,756 ","$4,983 ","$5,219 ","$5,481 ","$5,739 ","$6,014 "
2512,Senior Graphic Designer,24,,"$3,921 ","$4,107 ","$4,303 ","$4,507 ","$4,733 ","$4,956 ","$5,193 ","$5,442 ","$5,709 ","$5,992 ","$4,541 ","$4,756 ","$4,983 ","$5,219 ","$5,481 ","$5,739 ","$6,014 ","$6,302 ","$6,611 ","$6,939 "
4109,Grounds Maintenance Worker 1,14,,$0 ,"$2,702 ","$2,807 ","$2,897 ","$3,022 ","$3,140 ","$3,279 ","$3,418 ","$3,574 ","$3,741 ",$0 ,"$3,129 ","$3,251 ","$3,355 ","$3,500 ","$3,636 ","$3,797 ","$3,958 ","$4,139 ","$4,332 "
4110,Grounds Maintenance Worker 2,18,,"$3,022 ","$3,140 ","$3,279 ","$3,418 ","$3,574 ","$3,741 ","$3,921 ","$4,107 ","$4,303 ","$4,507 ","$3,500 ","$3,636 ","$3,797 ","$3,958 ","$4,139 ","$4,332 ","$4,541 ","$4,756 ","$4,983 ","$5,219 "
6840,Histotechnologist,19,,"$3,140 ","$3,279 ","$3,418 ","$3,574 ","$3,741 ","$3,921 ","$4,107 ","$4,303 ","$4,507 ","$4,733 ","$3,636 ","$3,797 ","$3,958 ","$4,139 ","$4,332 ","$4,541 ","$4,756 ","$4,983 ","$5,219 ","$5,481 "
8145,Horticulturist,23,,"$3,741 ","$3,921 ","$4,107 ","$4,303 ","$4,507 ","$4,733 ","$4,956 ","$5,193 ","$5,442 ","$5,709 ","$4,332 ","$4,541 ","$4,756 ","$4,983 ","$5,219 ","$5,481 ","$5,739 ","$6,014 ","$6,302 ","$6,611 "
4112***,HVAC Control Technician,25,,"$4,107 ","$4,303 ","$4,507 ","$4,733 ","$4,956 ","$5,193 ","$5,442 ","$5,709 ","$5,992 ","$6,286 ","$4,756 ","$4,983 ","$5,219 ","$5,481 ","$5,739 ","$6,014 ","$6,302 ","$6,611 ","$6,939 ","$7,280 "
1462*,Information Technology Consultant,28I,Yes,,,,,,,,,,,,,,,,,,,,
3170,Instrument Technician 1-Electr,17,,"$2,897 ","$3,022 ","$3,140 ","$3,279 ","$3,418 ","$3,574 ","$3,741 ","$3,921 ","$4,107 ","$4,303 ","$3,355 ","$3,500 ","$3,636 ","$3,797 ","$3,958 ","$4,139 ","$4,332 ","$4,541 ","$4,756 ","$4,983 "
3160,Instrument Technician 1-Mech,17,,"$2,897 ","$3,022 ","$3,140 ","$3,279 ","$3,418 ","$3,574 ","$3,741 ","$3,921 ","$4,107 ","$4,303 ","$3,355 ","$3,500 ","$3,636 ","$3,797 ","$3,958 ","$4,139 ","$4,332 ","$4,541 ","$4,756 ","$4,983 "
3171,Instrument Technician 2-Electr,19,,"$3,140 ","$3,279 ","$3,418 ","$3,574 ","$3,741 ","$3,921 ","$4,107 ","$4,303 ","$4,507 ","$4,733 ","$3,636 ","$3,797 ","$3,958 ","$4,139 ","$4,332 ","$4,541 ","$4,756 ","$4,983 ","$5,219 ","$5,481 "
3161,Instrument Technician 2-Mech,19,,"$3,140 ","$3,279 ","$3,418 ","$3,574 ","$3,741 ","$3,921 ","$4,107 ","$4,303 ","$4,507 ","$4,733 ","$3,636 ","$3,797 ","$3,958 ","$4,139 ","$4,332 ","$4,541 ","$4,756 ","$4,983 ","$5,219 ","$5,481 "
3172,Instrument Technician 3-Electr,21,,"$3,418 ","$3,574 ","$3,741 ","$3,921 ","$4,107 ","$4,303 ","$4,507 ","$4,733 ","$4,956 ","$5,193 ","$3,958 ","$4,139 ","$4,332 ","$4,541 ","$4,756 ","$4,983 ","$5,219 ","$5,481 ","$5,739 ","$6,014 "
3162,Instrument Technician 3-Mech,21,,"$3,418 ","$3,574 ","$3,741 ","$3,921 ","$4,107 ","$4,303 ","$4,507 ","$4,733 ","$4,956 ","$5,193 ","$3,958 ","$4,139 ","$4,332 ","$4,541 ","$4,756 ","$4,983 ","$5,219 ","$5,481 ","$5,739 ","$6,014 "
3173,Instrument Technologist-Electr,23B,,$0 ,$0 ,$0 ,$0 ,"$4,507 ","$4,733 ","$4,956 ","$5,193 ","$5,442 ","$5,709 ",$0 ,$0 ,$0 ,$0 ,"$5,219 ","$5,481 ","$5,739 ","$6,014 ","$6,302 ","$6,611 "
3163,Instrument Technologist-Mech,23B,,$0 ,$0 ,$0 ,$0 ,"$4,507 ","$4,733 ","$4,956 ","$5,193 ","$5,442 ","$5,709 ",$0 ,$0 ,$0 ,$0 ,"$5,219 ","$5,481 ","$5,739 ","$6,014 ","$6,302 ","$6,611 "
709,Inventory Control Specialist,16,,"$2,807 ","$2,897 ","$3,022 ","$3,140 ","$3,279 ","$3,418 ","$3,574 ","$3,741 ","$3,921 ","$4,107 ","$3,251 ","$3,355 ","$3,500 ","$3,636 ","$3,797 ","$3,958 ","$4,139 ","$4,332 ","$4,541 ","$4,756 "
714,Issuing Agent,10,,$0 ,$0 ,$0 ,$0 ,$0 ,"$2,702 ","$2,807 ","$2,897 ","$3,022 ","$3,140 ",$0 ,$0 ,$0 ,$0 ,$0 ,"$3,129 ","$3,251 ","$3,355 ","$3,500 ","$3,636 "
6805,Laboratory Aide,10,,$0 ,$0 ,$0 ,$0 ,$0 ,"$2,702 ","$2,807 ","$2,897 ","$3,022 ","$3,140 ",$0 ,$0 ,$0 ,$0 ,$0 ,"$3,129 ","$3,251 ","$3,355 ","$3,500 ","$3,636 "
6880,Laboratory Animal Technician 1,11,,$0 ,$0 ,$0 ,$0 ,"$2,702 ","$2,807 ","$2,897 ","$3,022 ","$3,140 ","$3,279 ",$0 ,$0 ,$0 ,$0 ,"$3,129 ","$3,251 ","$3,355 ","$3,500 ","$3,636 ","$3,797 "
6881,Laboratory Animal Technician 2,14,,$0 ,"$2,702 ","$2,807 ","$2,897 ","$3,022 ","$3,140 ","$3,279 ","$3,418 ","$3,574 ","$3,741 ",$0 ,"$3,129 ","$3,251 ","$3,355 ","$3,500 ","$3,636 ","$3,797 ","$3,958 ","$4,139 ","$4,332 "
6807,Laboratory Assistant,12,,$0 ,$0 ,$0 ,"$2,702 ","$2,807 ","$2,897 ","$3,022 ","$3,140 ","$3,279 ","$3,418 ",$0 ,$0 ,$0 ,"$3,129 ","$3,251 ","$3,355 ","$3,500 ","$3,636 ","$3,797 ","$3,958 "
6810,Laboratory Technician 1,15,,"$2,702 ","$2,807 ","$2,897 ","$3,022 ","$3,140 ","$3,279 ","$3,418 ","$3,574 ","$3,741 ","$3,921 ","$3,129 ","$3,251 ","$3,355 ","$3,500 ","$3,636 ","$3,797 ","$3,958 ","$4,139 ","$4,332 ","$4,541 "
6811,Laboratory Technician 2,19,,"$3,140 ","$3,279 ","$3,418 ","$3,574 ","$3,741 ","$3,921 ","$4,107 ","$4,303 ","$4,507 ","$4,733 ","$3,636 ","$3,797 ","$3,958 ","$4,139 ","$4,332 ","$4,541 ","$4,756 ","$4,983 ","$5,219 ","$5,481 "
4115,Laborer 1,11,,$0 ,$0 ,$0 ,$0 ,"$2,702 ","$2,807 ","$2,897 ","$3,022 ","$3,140 ","$3,279 ",$0 ,$0 ,$0 ,$0 ,"$3,129 ","$3,251 ","$3,355 ","$3,500 ","$3,636 ","$3,797 "
4116,Laborer 2,14,,$0 ,"$2,702 ","$2,807 ","$2,897 ","$3,022 ","$3,140 ","$3,279 ","$3,418 ","$3,574 ","$3,741 ",$0 ,"$3,129 ","$3,251 ","$3,355 ","$3,500 ","$3,636 ","$3,797 ","$3,958 ","$4,139 ","$4,332 "
9210,Laundry Worker,8,,$0 ,$0 ,$0 ,$0 ,$0 ,$0 ,$0 ,"$2,702 ","$2,807 ","$2,897 ",$0 ,$0 ,$0 ,$0 ,$0 ,$0 ,$0 ,"$3,129 ","$3,251 ","$3,355 "
300,Library Technician 1,13,,$0 ,$0 ,"$2,702 ","$2,807 ","$2,897 ","$3,022 ","$3,140 ","$3,279 ","$3,418 ","$3,574 ",$0 ,$0 ,"$3,129 ","$3,251 ","$3,355 ","$3,500 ","$3,636 ","$3,797 ","$3,958 ","$4,139 "
301,Library Technician 2,16,,"$2,807 ","$2,897 ","$3,022 ","$3,140 ","$3,279 ","$3,418 ","$3,574 ","$3,741 ","$3,921 ","$4,107 ","$3,251 ","$3,355 ","$3,500 ","$3,636 ","$3,797 ","$3,958 ","$4,139 ","$4,332 ","$4,541 ","$4,756 "
302,Library Technician 3,19,,"$3,140 ","$3,279 ","$3,418 ","$3,574 ","$3,741 ","$3,921 ","$4,107 ","$4,303 ","$4,507 ","$4,733 ","$3,636 ","$3,797 ","$3,958 ","$4,139 ","$4,332 ","$4,541 ","$4,756 ","$4,983 ","$5,219 ","$5,481 "
6502,Licensed Physical Therapy Assistant,17,,"$2,897 ","$3,022 ","$3,140 ","$3,279 ","$3,418 ","$3,574 ","$3,741 ","$3,921 ","$4,107 ","$4,303 ","$3,355 ","$3,500 ","$3,636 ","$3,797 ","$3,958 ","$4,139 ","$4,332 ","$4,541 ","$4,756 ","$4,983 "
6135,Licensed Practical Nurse,18,,"$3,022 ","$3,140 ","$3,279 ","$3,418 ","$3,574 ","$3,741 ","$3,921 ","$4,107 ","$4,303 ","$4,507 ","$3,500 ","$3,636 ","$3,797 ","$3,958 ","$4,139 ","$4,332 ","$4,541 ","$4,756 ","$4,983 ","$5,219 "
4231,Limited Energy Electrician,16,,"$2,807 ","$2,897 ","$3,022 ","$3,140 ","$3,279 ","$3,418 ","$3,574 ","$3,741 ","$3,921 ","$4,107 ","$3,251 ","$3,355 ","$3,500 ","$3,636 ","$3,797 ","$3,958 ","$4,139 ","$4,332 ","$4,541 ","$4,756 "
4227***,Locksmith,22,,"$3,574 ","$3,741 ","$3,921 ","$4,107 ","$4,303 ","$4,507 ","$4,733 ","$4,956 ","$5,193 ","$5,442 ","$4,139 ","$4,332 ","$4,541 ","$4,756 ","$4,983 ","$5,219 ","$5,481 ","$5,739 ","$6,014 ","$6,302 "
4215,Machinist,19B,,$0 ,$0 ,$0 ,$0 ,"$3,741 ","$3,921 ","$4,107 ","$4,303 ","$4,507 ","$4,733 ",$0 ,$0 ,$0 ,$0 ,"$4,332 ","$4,541 ","$4,756 ","$4,983 ","$5,219 ","$5,481 "
405,Mail Services Assistant,9,,$0 ,$0 ,$0 ,$0 ,$0 ,$0 ,"$2,702 ","$2,807 ","$2,897 ","$3,022 ",$0 ,$0 ,$0 ,$0 ,$0 ,$0 ,"$3,129 ","$3,251 ","$3,355 ","$3,500 "
4204,Maintenance Electrician,17T,,$0 ,$0 ,$0 ,$0 ,"$3,524 ","$3,695 ","$3,866 ","$4,059 ","$4,263 ","$4,470 ",$0 ,$0 ,$0 ,$0 ,"$4,081 ","$4,279 ","$4,477 ","$4,701 ","$4,937 ","$5,176 "
4118,Maintenance Laborer Coordinator,17,,"$2,897 ","$3,022 ","$3,140 ","$3,279 ","$3,418 ","$3,574 ","$3,741 ","$3,921 ","$4,107 ","$4,303 ","$3,355 ","$3,500 ","$3,636 ","$3,797 ","$3,958 ","$4,139 ","$4,332 ","$4,541 ","$4,756 ","$4,983 "
1180,Management Analyst 1,19,,"$3,140 ","$3,279 ","$3,418 ","$3,574 ","$3,741 ","$3,921 ","$4,107 ","$4,303 ","$4,507 ","$4,733 ","$3,636 ","$3,797 ","$3,958 ","$4,139 ","$4,332 ","$4,541 ","$4,756 ","$4,983 ","$5,219 ","$5,481 "
1181,Management Analyst 2,23,,"$3,741 ","$3,921 ","$4,107 ","$4,303 ","$4,507 ","$4,733 ","$4,956 ","$5,193 ","$5,442 ","$5,709 ","$4,332 ","$4,541 ","$4,756 ","$4,983 ","$5,219 ","$5,481 ","$5,739 ","$6,014 ","$6,302 ","$6,611 "
1182,Management Analyst 3,26,,"$4,303 ","$4,507 ","$4,733 ","$4,956 ","$5,193 ","$5,442 ","$5,709 ","$5,992 ","$6,286 ","$6,587 ","$4,983 ","$5,219 ","$5,481 ","$5,739 ","$6,014 ","$6,302 ","$6,611 ","$6,939 ","$7,280 ","$7,628 "
6107,Medical Aide,16,,"$2,807 ","$2,897 ","$3,022 ","$3,140 ","$3,279 ","$3,418 ","$3,574 ","$3,741 ","$3,921 ","$4,107 ","$3,251 ","$3,355 ","$3,500 ","$3,636 ","$3,797 ","$3,958 ","$4,139 ","$4,332 ","$4,541 ","$4,756 "
6820,Medical Laboratory Tech 1,15,,"$2,702 ","$2,807 ","$2,897 ","$3,022 ","$3,140 ","$3,279 ","$3,418 ","$3,574 ","$3,741 ","$3,921 ","$3,129 ","$3,251 ","$3,355 ","$3,500 ","$3,636 ","$3,797 ","$3,958 ","$4,139 ","$4,332 ","$4,541 "
6821,Medical Laboratory Tech 2,18,,"$3,022 ","$3,140 ","$3,279 ","$3,418 ","$3,574 ","$3,741 ","$3,921 ","$4,107 ","$4,303 ","$4,507 ","$3,500 ","$3,636 ","$3,797 ","$3,958 ","$4,139 ","$4,332 ","$4,541 ","$4,756 ","$4,983 ","$5,219 "
6823,Medical Lab Technologist,23,,"$3,741 ","$3,921 ","$4,107 ","$4,303 ","$4,507 ","$4,733 ","$4,956 ","$5,193 ","$5,442 ","$5,709 ","$4,332 ","$4,541 ","$4,756 ","$4,983 ","$5,219 ","$5,481 ","$5,739 ","$6,014 ","$6,302 ","$6,611 "
15,Medical Records Specialist,16,,"$2,807 ","$2,897 ","$3,022 ","$3,140 ","$3,279 ","$3,418 ","$3,574 ","$3,741 ","$3,921 ","$4,107 ","$3,251 ","$3,355 ","$3,500 ","$3,636 ","$3,797 ","$3,958 ","$4,139 ","$4,332 ","$4,541 ","$4,756 "
11,Medical Transcriptionist,15,,"$2,702 ","$2,807 ","$2,897 ","$3,022 ","$3,140 ","$3,279 ","$3,418 ","$3,574 ","$3,741 ","$3,921 ","$3,129 ","$3,251 ","$3,355 ","$3,500 ","$3,636 ","$3,797 ","$3,958 ","$4,139 ","$4,332 ","$4,541 "
3779,Microbiologist 1,23,,"$3,741 ","$3,921 ","$4,107 ","$4,303 ","$4,507 ","$4,733 ","$4,956 ","$5,193 ","$5,442 ","$5,709 ","$4,332 ","$4,541 ","$4,756 ","$4,983 ","$5,219 ","$5,481 ","$5,739 ","$6,014 ","$6,302 ","$6,611 "
3780,Microbiologist 2,25,,"$4,107 ","$4,303 ","$4,507 ","$4,733 ","$4,956 ","$5,193 ","$5,442 ","$5,709 ","$5,992 ","$6,286 ","$4,756 ","$4,983 ","$5,219 ","$5,481 ","$5,739 ","$6,014 ","$6,302 ","$6,611 ","$6,939 ","$7,280 "
3781,Microbiologist 3,27,,"$4,507 ","$4,733 ","$4,956 ","$5,193 ","$5,442 ","$5,709 ","$5,992 ","$6,286 ","$6,587 ","$6,913 ","$5,219 ","$5,481 ","$5,739 ","$6,014 ","$6,302 ","$6,611 ","$6,939 ","$7,280 ","$7,628 ","$8,006 "
6258,Mid-Level Medical Practitioner,36,,"$6,913 ","$7,247 ","$7,601 ","$7,968 ","$8,365 ","$8,765 ","$9,185 ","$9,624 ","$10,081 ","$10,560 ","$8,006 ","$8,392 ","$8,802 ","$9,227 ","$9,687 ","$10,150 ","$10,637 ","$11,145 ","$11,674 ","$12,229 "
2121,Museum Assistant,12,,$0 ,$0 ,$0 ,"$2,702 ","$2,807 ","$2,897 ","$3,022 ","$3,140 ","$3,279 ","$3,418 ",$0 ,$0 ,$0 ,"$3,129 ","$3,251 ","$3,355 ","$3,500 ","$3,636 ","$3,797 ","$3,958 "
4295,Museum Technician,14,,$0 ,"$2,702 ","$2,807 ","$2,897 ","$3,022 ","$3,140 ","$3,279 ","$3,418 ","$3,574 ","$3,741 ",$0 ,"$3,129 ","$3,251 ","$3,355 ","$3,500 ","$3,636 ","$3,797 ","$3,958 ","$4,139 ","$4,332 "
6435,Necropsy Assistant,16,,"$2,807 ","$2,897 ","$3,022 ","$3,140 ","$3,279 ","$3,418 ","$3,574 ","$3,741 ","$3,921 ","$4,107 ","$3,251 ","$3,355 ","$3,500 ","$3,636 ","$3,797 ","$3,958 ","$4,139 ","$4,332 ","$4,541 ","$4,756 "
2430,Newspaper N/Shift Prod Coordinator,17,,"$2,897 ","$3,022 ","$3,140 ","$3,279 ","$3,418 ","$3,574 ","$3,741 ","$3,921 ","$4,107 ","$4,303 ","$3,355 ","$3,500 ","$3,636 ","$3,797 ","$3,958 ","$4,139 ","$4,332 ","$4,541 ","$4,756 ","$4,983 "
3750,Nuclear Reactor Operator,18,,"$3,022 ","$3,140 ","$3,279 ","$3,418 ","$3,574 ","$3,741 ","$3,921 ","$4,107 ","$4,303 ","$4,507 ","$3,500 ","$3,636 ","$3,797 ","$3,958 ","$4,139 ","$4,332 ","$4,541 ","$4,756 ","$4,983 ","$5,219 "
6640,Nutrition Education Assistant,11,,$0 ,$0 ,$0 ,$0 ,"$2,702 ","$2,807 ","$2,897 ","$3,022 ","$3,140 ","$3,279 ",$0 ,$0 ,$0 ,$0 ,"$3,129 ","$3,251 ","$3,355 ","$3,500 ","$3,636 ","$3,797 "
6642,Nutrition Education Coordinator,13,,$0 ,$0 ,"$2,702 ","$2,807 ","$2,897 ","$3,022 ","$3,140 ","$3,279 ","$3,418 ","$3,574 ",$0 ,$0 ,"$3,129 ","$3,251 ","$3,355 ","$3,500 ","$3,636 ","$3,797 ","$3,958 ","$4,139 "
102,Office Assistant,11,,$0 ,$0 ,$0 ,$0 ,"$2,702 ","$2,807 ","$2,897 ","$3,022 ","$3,140 ","$3,279 ",$0 ,$0 ,$0 ,$0 ,"$3,129 ","$3,251 ","$3,355 ","$3,500 ","$3,636 ","$3,797 "
103,Office Specialist 1,13,,$0 ,$0 ,"$2,702 ","$2,807 ","$2,897 ","$3,022 ","$3,140 ","$3,279 ","$3,418 ","$3,574 ",$0 ,$0 ,"$3,129 ","$3,251 ","$3,355 ","$3,500 ","$3,636 ","$3,797 ","$3,958 ","$4,139 "
104,Office Specialist 2,16,,"$2,807 ","$2,897 ","$3,022 ","$3,140 ","$3,279 ","$3,418 ","$3,574 ","$3,741 ","$3,921 ","$4,107 ","$3,251 ","$3,355 ","$3,500 ","$3,636 ","$3,797 ","$3,958 ","$4,139 ","$4,332 ","$4,541 ","$4,756 "
2447,Offset Press Operator 1,12,,$0 ,$0 ,$0 ,"$2,702 ","$2,807 ","$2,897 ","$3,022 ","$3,140 ","$3,279 ","$3,418 ",$0 ,$0 ,$0 ,"$3,129 ","$3,251 ","$3,355 ","$3,500 ","$3,636 ","$3,797 ","$3,958 "
2448,Offset Press Operator 2,13,,$0 ,$0 ,"$2,702 ","$2,807 ","$2,897 ","$3,022 ","$3,140 ","$3,279 ","$3,418 ","$3,574 ",$0 ,$0 ,"$3,129 ","$3,251 ","$3,355 ","$3,500 ","$3,636 ","$3,797 ","$3,958 ","$4,139 "
2449,Offset Press Operator 3,15,,"$2,702 ","$2,807 ","$2,897 ","$3,022 ","$3,140 ","$3,279 ","$3,418 ","$3,574 ","$3,741 ","$3,921 ","$3,129 ","$3,251 ","$3,355 ","$3,500 ","$3,636 ","$3,797 ","$3,958 ","$4,139 ","$4,332 ","$4,541 "
1463*,Operating Systems/Network Analyst,32I,Yes,,,,,,,,,,,,,,,,,,,,
1460*,Operations Specialist,21I,Yes,,,,,,,,,,,,,,,,,,,,
4510,Ordinary Mariner,14,,$0 ,"$2,702 ","$2,807 ","$2,897 ","$3,022 ","$3,140 ","$3,279 ","$3,418 ","$3,574 ","$3,741 ",$0 ,"$3,129 ","$3,251 ","$3,355 ","$3,500 ","$3,636 ","$3,797 ","$3,958 ","$4,139 ","$4,332 "
4209,Painter,18B,,$0 ,$0 ,$0 ,$0 ,"$3,574 ","$3,741 ","$3,921 ","$4,107 ","$4,303 ","$4,507 ",$0 ,$0 ,$0 ,$0 ,"$4,139 ","$4,332 ","$4,541 ","$4,756 ","$4,983 ","$5,219 "
1523,Paralegal 1,19,,"$3,140 ","$3,279 ","$3,418 ","$3,574 ","$3,741 ","$3,921 ","$4,107 ","$4,303 ","$4,507 ","$4,733 ","$3,636 ","$3,797 ","$3,958 ","$4,139 ","$4,332 ","$4,541 ","$4,756 ","$4,983 ","$5,219 ","$5,481 "
1524,Paralegal 2,23,,"$3,741 ","$3,921 ","$4,107 ","$4,303 ","$4,507 ","$4,733 ","$4,956 ","$5,193 ","$5,442 ","$5,709 ","$4,332 ","$4,541 ","$4,756 ","$4,983 ","$5,219 ","$5,481 ","$5,739 ","$6,014 ","$6,302 ","$6,611 "
1525,Paralegal 3,26,,"$4,303 ","$4,507 ","$4,733 ","$4,956 ","$5,193 ","$5,442 ","$5,709 ","$5,992 ","$6,286 ","$6,587 ","$4,983 ","$5,219 ","$5,481 ","$5,739 ","$6,014 ","$6,302 ","$6,611 ","$6,939 ","$7,280 ","$7,628 "
5550,Parking Services Representative,15,,"$2,702 ","$2,807 ","$2,897 ","$3,022 ","$3,140 ","$3,279 ","$3,418 ","$3,574 ","$3,741 ","$3,921 ","$3,129 ","$3,251 ","$3,355 ","$3,500 ","$3,636 ","$3,797 ","$3,958 ","$4,139 ","$4,332 ","$4,541 "
204,Payroll Assistant,13,,$0 ,$0 ,"$2,702 ","$2,807 ","$2,897 ","$3,022 ","$3,140 ","$3,279 ","$3,418 ","$3,574 ",$0 ,$0 ,"$3,129 ","$3,251 ","$3,355 ","$3,500 ","$3,636 ","$3,797 ","$3,958 ","$4,139 "
205,Payroll Technician,16,,"$2,807 ","$2,897 ","$3,022 ","$3,140 ","$3,279 ","$3,418 ","$3,574 ","$3,741 ","$3,921 ","$4,107 ","$3,251 ","$3,355 ","$3,500 ","$3,636 ","$3,797 ","$3,958 ","$4,139 ","$4,332 ","$4,541 ","$4,756 "
6260,Pharmacist,35,,"$6,587 ","$6,913 ","$7,247 ","$7,601 ","$7,968 ","$8,365 ","$8,765 ","$9,185 ","$9,624 ","$10,081 ","$7,628 ","$8,006 ","$8,392 ","$8,802 ","$9,227 ","$9,687 ","$10,150 ","$10,637 ","$11,145 ","$11,674 "
6270,Pharmacy Technician 1,15,,"$2,702 ","$2,807 ","$2,897 ","$3,022 ","$3,140 ","$3,279 ","$3,418 ","$3,574 ","$3,741 ","$3,921 ","$3,129 ","$3,251 ","$3,355 ","$3,500 ","$3,636 ","$3,797 ","$3,958 ","$4,139 ","$4,332 ","$4,541 "
6271,Pharmacy Technician 2,17,,"$2,897 ","$3,022 ","$3,140 ","$3,279 ","$3,418 ","$3,574 ","$3,741 ","$3,921 ","$4,107 ","$4,303 ","$3,355 ","$3,500 ","$3,636 ","$3,797 ","$3,958 ","$4,139 ","$4,332 ","$4,541 ","$4,756 ","$4,983 "
2460,Photocomposition Specialist,15,,"$2,702 ","$2,807 ","$2,897 ","$3,022 ","$3,140 ","$3,279 ","$3,418 ","$3,574 ","$3,741 ","$3,921 ","$3,129 ","$3,251 ","$3,355 ","$3,500 ","$3,636 ","$3,797 ","$3,958 ","$4,139 ","$4,332 ","$4,541 "
2546,Photographer 1,13B,,$0 ,$0 ,$0 ,$0 ,"$2,897 ","$3,022 ","$3,140 ","$3,279 ","$3,418 ","$3,574 ",$0 ,$0 ,$0 ,$0 ,"$3,355 ","$3,500 ","$3,636 ","$3,797 ","$3,958 ","$4,139 "
2547,Photographer 2,15B,,$0 ,$0 ,$0 ,$0 ,"$3,140 ","$3,279 ","$3,418 ","$3,574 ","$3,741 ","$3,921 ",$0 ,$0 ,$0 ,$0 ,"$3,636 ","$3,797 ","$3,958 ","$4,139 ","$4,332 ","$4,541 "
6503,Physical Therapist,31,,"$5,442 ","$5,709 ","$5,992 ","$6,286 ","$6,587 ","$6,913 ","$7,247 ","$7,601 ","$7,968 ","$8,365 ","$6,302 ","$6,611 ","$6,939 ","$7,280 ","$7,628 ","$8,006 ","$8,392 ","$8,802 ","$9,227 ","$9,687 "
4245,Pipe & Steam Fitter,23B,,$0 ,$0 ,$0 ,$0 ,"$4,507 ","$4,733 ","$4,956 ","$5,193 ","$5,442 ","$5,709 ",$0 ,$0 ,$0 ,$0 ,"$5,219 ","$5,481 ","$5,739 ","$6,014 ","$6,302 ","$6,611 "
4221,Plasterer,19B,,$0 ,$0 ,$0 ,$0 ,"$3,741 ","$3,921 ","$4,107 ","$4,303 ","$4,507 ","$4,733 ",$0 ,$0 ,$0 ,$0 ,"$4,332 ","$4,541 ","$4,756 ","$4,983 ","$5,219 ","$5,481 "
4211***,Plumber,27,,"$4,507 ","$4,733 ","$4,956 ","$5,193 ","$5,442 ","$5,709 ","$5,992 ","$6,286 ","$6,587 ","$6,913 ","$5,219 ","$5,481 ","$5,739 ","$6,014 ","$6,302 ","$6,611 ","$6,939 ","$7,280 ","$7,628 ","$8,006 "
3142,Preventative Maintenance Planner,18,,"$3,022 ","$3,140 ","$3,279 ","$3,418 ","$3,574 ","$3,741 ","$3,921 ","$4,107 ","$4,303 ","$4,507 ","$3,500 ","$3,636 ","$3,797 ","$3,958 ","$4,139 ","$4,332 ","$4,541 ","$4,756 ","$4,983 ","$5,219 "
2477,Print Services Technician,16,,"$2,807 ","$2,897 ","$3,022 ","$3,140 ","$3,279 ","$3,418 ","$3,574 ","$3,741 ","$3,921 ","$4,107 ","$3,251 ","$3,355 ","$3,500 ","$3,636 ","$3,797 ","$3,958 ","$4,139 ","$4,332 ","$4,541 ","$4,756 "
816,Program Representative 1,22,,"$3,574 ","$3,741 ","$3,921 ","$4,107 ","$4,303 ","$4,507 ","$4,733 ","$4,956 ","$5,193 ","$5,442 ","$4,139 ","$4,332 ","$4,541 ","$4,756 ","$4,983 ","$5,219 ","$5,481 ","$5,739 ","$6,014 ","$6,302 "
817,Program Representative 2,26,,"$4,303 ","$4,507 ","$4,733 ","$4,956 ","$5,193 ","$5,442 ","$5,709 ","$5,992 ","$6,286 ","$6,587 ","$4,983 ","$5,219 ","$5,481 ","$5,739 ","$6,014 ","$6,302 ","$6,611 ","$6,939 ","$7,280 ","$7,628 "
812,Program Technician 1,23,,"$3,741 ","$3,921 ","$4,107 ","$4,303 ","$4,507 ","$4,733 ","$4,956 ","$5,193 ","$5,442 ","$5,709 ","$4,332 ","$4,541 ","$4,756 ","$4,983 ","$5,219 ","$5,481 ","$5,739 ","$6,014 ","$6,302 ","$6,611 "
813,Program Technician 2,27,,"$4,507 ","$4,733 ","$4,956 ","$5,193 ","$5,442 ","$5,709 ","$5,992 ","$6,286 ","$6,587 ","$6,913 ","$5,219 ","$5,481 ","$5,739 ","$6,014 ","$6,302 ","$6,611 ","$6,939 ","$7,280 ","$7,628 ","$8,006 "
810,Project Coordinator,26,,"$4,303 ","$4,507 ","$4,733 ","$4,956 ","$5,193 ","$5,442 ","$5,709 ","$5,992 ","$6,286 ","$6,587 ","$4,983 ","$5,219 ","$5,481 ","$5,739 ","$6,014 ","$6,302 ","$6,611 ","$6,939 ","$7,280 ","$7,628 "
705,Property Specialist 1,12,,$0 ,$0 ,$0 ,"$2,702 ","$2,807 ","$2,897 ","$3,022 ","$3,140 ","$3,279 ","$3,418 ",$0 ,$0 ,$0 ,"$3,129 ","$3,251 ","$3,355 ","$3,500 ","$3,636 ","$3,797 ","$3,958 "
706,Property Specialist 2,14,,$0 ,"$2,702 ","$2,807 ","$2,897 ","$3,022 ","$3,140 ","$3,279 ","$3,418 ","$3,574 ","$3,741 ",$0 ,"$3,129 ","$3,251 ","$3,355 ","$3,500 ","$3,636 ","$3,797 ","$3,958 ","$4,139 ","$4,332 "
707,Property Specialist 3,16,,"$2,807 ","$2,897 ","$3,022 ","$3,140 ","$3,279 ","$3,418 ","$3,574 ","$3,741 ","$3,921 ","$4,107 ","$3,251 ","$3,355 ","$3,500 ","$3,636 ","$3,797 ","$3,958 ","$4,139 ","$4,332 ","$4,541 ","$4,756 "
4100,PSU Recycling Specialist,7,,$0 ,$0 ,$0 ,$0 ,$0 ,$0 ,$0 ,$0 ,"$2,702 ","$2,807 ",$0 ,$0 ,$0 ,$0 ,$0 ,$0 ,$0 ,$0 ,"$3,129 ","$3,251 "
6298,Psychometrician,16,,"$2,807 ","$2,897 ","$3,022 ","$3,140 ","$3,279 ","$3,418 ","$3,574 ","$3,741 ","$3,921 ","$4,107 ","$3,251 ","$3,355 ","$3,500 ","$3,636 ","$3,797 ","$3,958 ","$4,139 ","$4,332 ","$4,541 ","$4,756 "
2110,Public Information Assistant,17,,"$2,897 ","$3,022 ","$3,140 ","$3,279 ","$3,418 ","$3,574 ","$3,741 ","$3,921 ","$4,107 ","$4,303 ","$3,355 ","$3,500 ","$3,636 ","$3,797 ","$3,958 ","$4,139 ","$4,332 ","$4,541 ","$4,756 ","$4,983 "
2111,Public Information Representative 1,21,,"$3,418 ","$3,574 ","$3,741 ","$3,921 ","$4,107 ","$4,303 ","$4,507 ","$4,733 ","$4,956 ","$5,193 ","$3,958 ","$4,139 ","$4,332 ","$4,541 ","$4,756 ","$4,983 ","$5,219 ","$5,481 ","$5,739 ","$6,014 "
2112,Public Information Representative 2,25,,"$4,107 ","$4,303 ","$4,507 ","$4,733 ","$4,956 ","$5,193 ","$5,442 ","$5,709 ","$5,992 ","$6,286 ","$4,756 ","$4,983 ","$5,219 ","$5,481 ","$5,739 ","$6,014 ","$6,302 ","$6,611 ","$6,939 ","$7,280 "
2147,Publications Editor,21,,"$3,418 ","$3,574 ","$3,741 ","$3,921 ","$4,107 ","$4,303 ","$4,507 ","$4,733 ","$4,956 ","$5,193 ","$3,958 ","$4,139 ","$4,332 ","$4,541 ","$4,756 ","$4,983 ","$5,219 ","$5,481 ","$5,739 ","$6,014 "
796,Purchasing Agent 1,18,,"$3,022 ","$3,140 ","$3,279 ","$3,418 ","$3,574 ","$3,741 ","$3,921 ","$4,107 ","$4,303 ","$4,507 ","$3,500 ","$3,636 ","$3,797 ","$3,958 ","$4,139 ","$4,332 ","$4,541 ","$4,756 ","$4,983 ","$5,219 "
797,Purchasing Agent 2,23,,"$3,741 ","$3,921 ","$4,107 ","$4,303 ","$4,507 ","$4,733 ","$4,956 ","$5,193 ","$5,442 ","$5,709 ","$4,332 ","$4,541 ","$4,756 ","$4,983 ","$5,219 ","$5,481 ","$5,739 ","$6,014 ","$6,302 ","$6,611 "
767,Purchasing Analyst 1,21,,"$3,418 ","$3,574 ","$3,741 ","$3,921 ","$4,107 ","$4,303 ","$4,507 ","$4,733 ","$4,956 ","$5,193 ","$3,958 ","$4,139 ","$4,332 ","$4,541 ","$4,756 ","$4,983 ","$5,219 ","$5,481 ","$5,739 ","$6,014 "
768,Purchasing Analyst 2,24,,"$3,921 ","$4,107 ","$4,303 ","$4,507 ","$4,733 ","$4,956 ","$5,193 ","$5,442 ","$5,709 ","$5,992 ","$4,541 ","$4,756 ","$4,983 ","$5,219 ","$5,481 ","$5,739 ","$6,014 ","$6,302 ","$6,611 ","$6,939 "
769,Purchasing Analyst 3,26,,"$4,303 ","$4,507 ","$4,733 ","$4,956 ","$5,193 ","$5,442 ","$5,709 ","$5,992 ","$6,286 ","$6,587 ","$4,983 ","$5,219 ","$5,481 ","$5,739 ","$6,014 ","$6,302 ","$6,611 ","$6,939 ","$7,280 ","$7,628 "
795,Purchasing Assistant,13,,$0 ,$0 ,"$2,702 ","$2,807 ","$2,897 ","$3,022 ","$3,140 ","$3,279 ","$3,418 ","$3,574 ",$0 ,$0 ,"$3,129 ","$3,251 ","$3,355 ","$3,500 ","$3,636 ","$3,797 ","$3,958 ","$4,139 "
3450***,Radiation Protection Technologist 1,24,,"$3,921 ","$4,107 ","$4,303 ","$4,507 ","$4,733 ","$4,956 ","$5,193 ","$5,442 ","$5,709 ","$5,992 ","$4,541 ","$4,756 ","$4,983 ","$5,219 ","$5,481 ","$5,739 ","$6,014 ","$6,302 ","$6,611 ","$6,939 "
3451***,Radiation Protection Technologist 2,27,,"$4,507 ","$4,733 ","$4,956 ","$5,193 ","$5,442 ","$5,709 ","$5,992 ","$6,286 ","$6,587 ","$6,913 ","$5,219 ","$5,481 ","$5,739 ","$6,014 ","$6,302 ","$6,611 ","$6,939 ","$7,280 ","$7,628 ","$8,006 "
3452***,Radiation Protection Technologist 3,30,,"$5,193 ","$5,442 ","$5,709 ","$5,992 ","$6,286 ","$6,587 ","$6,913 ","$7,247 ","$7,601 ","$7,968 ","$6,014 ","$6,302 ","$6,611 ","$6,939 ","$7,280 ","$7,628 ","$8,006 ","$8,392 ","$8,802 ","$9,227 "
2182,Radio/TV Communications Tech,17,,"$2,897 ","$3,022 ","$3,140 ","$3,279 ","$3,418 ","$3,574 ","$3,741 ","$3,921 ","$4,107 ","$4,303 ","$3,355 ","$3,500 ","$3,636 ","$3,797 ","$3,958 ","$4,139 ","$4,332 ","$4,541 ","$4,756 ","$4,983 "
6347,Radiologic Technologist 1,20,,"$3,279 ","$3,418 ","$3,574 ","$3,741 ","$3,921 ","$4,107 ","$4,303 ","$4,507 ","$4,733 ","$4,956 ","$3,797 ","$3,958 ","$4,139 ","$4,332 ","$4,541 ","$4,756 ","$4,983 ","$5,219 ","$5,481 ","$5,739 "
6348,Radiologic Technologist  2,23,,"$3,741 ","$3,921 ","$4,107 ","$4,303 ","$4,507 ","$4,733 ","$4,956 ","$5,193 ","$5,442 ","$5,709 ","$4,332 ","$4,541 ","$4,756 ","$4,983 ","$5,219 ","$5,481 ","$5,739 ","$6,014 ","$6,302 ","$6,611 "
4470,Refrigeration Mechanic,23B,,$0 ,$0 ,$0 ,$0 ,"$4,507 ","$4,733 ","$4,956 ","$5,193 ","$5,442 ","$5,709 ",$0 ,$0 ,$0 ,$0 ,"$5,219 ","$5,481 ","$5,739 ","$6,014 ","$6,302 ","$6,611 "
6224,Registered Nurse 1,29,,"$4,956 ","$5,193 ","$5,442 ","$5,709 ","$5,992 ","$6,286 ","$6,587 ","$6,913 ","$7,247 ","$7,601 ","$5,739 ","$6,014 ","$6,302 ","$6,611 ","$6,939 ","$7,280 ","$7,628 ","$8,006 ","$8,392 ","$8,802 "
6225,Registered Nurse 2,31,,"$5,442 ","$5,709 ","$5,992 ","$6,286 ","$6,587 ","$6,913 ","$7,247 ","$7,601 ","$7,968 ","$8,365 ","$6,302 ","$6,611 ","$6,939 ","$7,280 ","$7,628 ","$8,006 ","$8,392 ","$8,802 ","$9,227 ","$9,687 "
1115,Research Analyst 1,17,,"$2,897 ","$3,022 ","$3,140 ","$3,279 ","$3,418 ","$3,574 ","$3,741 ","$3,921 ","$4,107 ","$4,303 ","$3,355 ","$3,500 ","$3,636 ","$3,797 ","$3,958 ","$4,139 ","$4,332 ","$4,541 ","$4,756 ","$4,983 "
1116,Research Analyst 2,21,,"$3,418 ","$3,574 ","$3,741 ","$3,921 ","$4,107 ","$4,303 ","$4,507 ","$4,733 ","$4,956 ","$5,193 ","$3,958 ","$4,139 ","$4,332 ","$4,541 ","$4,756 ","$4,983 ","$5,219 ","$5,481 ","$5,739 ","$6,014 "
1117,Research Analyst 3,26,,"$4,303 ","$4,507 ","$4,733 ","$4,956 ","$5,193 ","$5,442 ","$5,709 ","$5,992 ","$6,286 ","$6,587 ","$4,983 ","$5,219 ","$5,481 ","$5,739 ","$6,014 ","$6,302 ","$6,611 ","$6,939 ","$7,280 ","$7,628 "
1118,Research Analyst 4,29,,"$4,956 ","$5,193 ","$5,442 ","$5,709 ","$5,992 ","$6,286 ","$6,587 ","$6,913 ","$7,247 ","$7,601 ","$5,739 ","$6,014 ","$6,302 ","$6,611 ","$6,939 ","$7,280 ","$7,628 ","$8,006 ","$8,392 ","$8,802 "
744,Retail Store Assistant,11,,$0 ,$0 ,$0 ,$0 ,"$2,702 ","$2,807 ","$2,897 ","$3,022 ","$3,140 ","$3,279 ",$0 ,$0 ,$0 ,$0 ,"$3,129 ","$3,251 ","$3,355 ","$3,500 ","$3,636 ","$3,797 "
5110,Revenue Agent 1,16,,"$2,807 ","$2,897 ","$3,022 ","$3,140 ","$3,279 ","$3,418 ","$3,574 ","$3,741 ","$3,921 ","$4,107 ","$3,251 ","$3,355 ","$3,500 ","$3,636 ","$3,797 ","$3,958 ","$4,139 ","$4,332 ","$4,541 ","$4,756 "
5111,Revenue Agent 2,18,,"$3,022 ","$3,140 ","$3,279 ","$3,418 ","$3,574 ","$3,741 ","$3,921 ","$4,107 ","$4,303 ","$4,507 ","$3,500 ","$3,636 ","$3,797 ","$3,958 ","$4,139 ","$4,332 ","$4,541 ","$4,756 ","$4,983 ","$5,219 "
6870,Science Lab Preparator,20,,"$3,279 ","$3,418 ","$3,574 ","$3,741 ","$3,921 ","$4,107 ","$4,303 ","$4,507 ","$4,733 ","$4,956 ","$3,797 ","$3,958 ","$4,139 ","$4,332 ","$4,541 ","$4,756 ","$4,983 ","$5,219 ","$5,481 ","$5,739 "
711,Science Storekeeper,16,,"$2,807 ","$2,897 ","$3,022 ","$3,140 ","$3,279 ","$3,418 ","$3,574 ","$3,741 ","$3,921 ","$4,107 ","$3,251 ","$3,355 ","$3,500 ","$3,636 ","$3,797 ","$3,958 ","$4,139 ","$4,332 ","$4,541 ","$4,756 "
2150,Science/Technical Editor,21,,"$3,418 ","$3,574 ","$3,741 ","$3,921 ","$4,107 ","$4,303 ","$4,507 ","$4,733 ","$4,956 ","$5,193 ","$3,958 ","$4,139 ","$4,332 ","$4,541 ","$4,756 ","$4,983 ","$5,219 ","$5,481 ","$5,739 ","$6,014 "
4338,Scientific Instrument Technician 1,19T,,$0 ,$0 ,$0 ,$0 ,"$3,866 ","$4,059 ","$4,263 ","$4,470 ","$4,673 ","$4,895 ",$0 ,$0 ,$0 ,$0 ,"$4,477 ","$4,701 ","$4,937 ","$5,176 ","$5,412 ","$5,669 "
4339,Scientific Instrument Technician 2,21T,,$0 ,$0 ,$0 ,$0 ,"$4,255 ","$4,453 ","$4,666 ","$4,896 ","$5,142 ","$5,386 ",$0 ,$0 ,$0 ,$0 ,"$4,928 ","$5,157 ","$5,403 ","$5,670 ","$5,955 ","$6,237 "
8104,Seed Analyst - Entry,9,,$0 ,$0 ,$0 ,$0 ,$0 ,$0 ,"$2,702 ","$2,807 ","$2,897 ","$3,022 ",$0 ,$0 ,$0 ,$0 ,$0 ,$0 ,"$3,129 ","$3,251 ","$3,355 ","$3,500 "
8105,Seed Analyst 1,12,,$0 ,$0 ,$0 ,"$2,702 ","$2,807 ","$2,897 ","$3,022 ","$3,140 ","$3,279 ","$3,418 ",$0 ,$0 ,$0 ,"$3,129 ","$3,251 ","$3,355 ","$3,500 ","$3,636 ","$3,797 ","$3,958 "
8106,Seed Analyst 2,15,,"$2,702 ","$2,807 ","$2,897 ","$3,022 ","$3,140 ","$3,279 ","$3,418 ","$3,574 ","$3,741 ","$3,921 ","$3,129 ","$3,251 ","$3,355 ","$3,500 ","$3,636 ","$3,797 ","$3,958 ","$4,139 ","$4,332 ","$4,541 "
8102,Seed Certification Aide 1,10,,$0 ,$0 ,$0 ,$0 ,$0 ,"$2,702 ","$2,807 ","$2,897 ","$3,022 ","$3,140 ",$0 ,$0 ,$0 ,$0 ,$0 ,"$3,129 ","$3,251 ","$3,355 ","$3,500 ","$3,636 "
8103,Seed Certification Aide 2,12,,$0 ,$0 ,$0 ,"$2,702 ","$2,807 ","$2,897 ","$3,022 ","$3,140 ","$3,279 ","$3,418 ",$0 ,$0 ,$0 ,"$3,129 ","$3,251 ","$3,355 ","$3,500 ","$3,636 ","$3,797 ","$3,958 "
2512,Senior Graphic Designer,24,,"$3,921 ","$4,107 ","$4,303 ","$4,507 ","$4,733 ","$4,956 ","$5,193 ","$5,442 ","$5,709 ","$5,992 ","$4,541 ","$4,756 ","$4,983 ","$5,219 ","$5,481 ","$5,739 ","$6,014 ","$6,302 ","$6,611 ","$6,939 "
3751***,Senior Nuclear Reactor Operator,27,,"$4,507 ","$4,733 ","$4,956 ","$5,193 ","$5,442 ","$5,709 ","$5,992 ","$6,286 ","$6,587 ","$6,913 ","$5,219 ","$5,481 ","$5,739 ","$6,014 ","$6,302 ","$6,611 ","$6,939 ","$7,280 ","$7,628 ","$8,006 "
4225,Sheetmetal Worker,18B,,$0 ,$0 ,$0 ,$0 ,"$3,574 ","$3,741 ","$3,921 ","$4,107 ","$4,303 ","$4,507 ",$0 ,$0 ,$0 ,$0 ,"$4,139 ","$4,332 ","$4,541 ","$4,756 ","$4,983 ","$5,219 "
4546,Ship's 1st Assistant Engineer,28,,"$4,733 ","$4,956 ","$5,193 ","$5,442 ","$5,709 ","$5,992 ","$6,286 ","$6,587 ","$6,913 ","$7,247 ","$5,481 ","$5,739 ","$6,014 ","$6,302 ","$6,611 ","$6,939 ","$7,280 ","$7,628 ","$8,006 ","$8,392 "
4545,Ship's 2nd Assistant Engineer,22,,"$3,574 ","$3,741 ","$3,921 ","$4,107 ","$4,303 ","$4,507 ","$4,733 ","$4,956 ","$5,193 ","$5,442 ","$4,139 ","$4,332 ","$4,541 ","$4,756 ","$4,983 ","$5,219 ","$5,481 ","$5,739 ","$6,014 ","$6,302 "
4500,Ship's Assistant Cook,13B,,$0 ,$0 ,$0 ,$0 ,"$2,897 ","$3,022 ","$3,140 ","$3,279 ","$3,418 ","$3,574 ",$0 ,$0 ,$0 ,$0 ,"$3,355 ","$3,500 ","$3,636 ","$3,797 ","$3,958 ","$4,139 "
4547,Ship's Chief Engineer,33,,"$5,992 ","$6,286 ","$6,587 ","$6,913 ","$7,247 ","$7,601 ","$7,968 ","$8,365 ","$8,765 ","$9,185 ","$6,939 ","$7,280 ","$7,628 ","$8,006 ","$8,392 ","$8,802 ","$9,227 ","$9,687 ","$10,150 ","$10,637 "
4501,Ship's Cook,21B,,$0 ,$0 ,$0 ,$0 ,"$4,107 ","$4,303 ","$4,507 ","$4,733 ","$4,956 ","$5,193 ",$0 ,$0 ,$0 ,$0 ,"$4,756 ","$4,983 ","$5,219 ","$5,481 ","$5,739 ","$6,014 "
4520,Ship's Electrician,22B,,$0 ,$0 ,$0 ,$0 ,"$4,303 ","$4,507 ","$4,733 ","$4,956 ","$5,193 ","$5,442 ",$0 ,$0 ,$0 ,$0 ,"$4,983 ","$5,219 ","$5,481 ","$5,739 ","$6,014 ","$6,302 "
4527,Ship's First Mate,28,,"$4,733 ","$4,956 ","$5,193 ","$5,442 ","$5,709 ","$5,992 ","$6,286 ","$6,587 ","$6,913 ","$7,247 ","$5,481 ","$5,739 ","$6,014 ","$6,302 ","$6,611 ","$6,939 ","$7,280 ","$7,628 ","$8,006 ","$8,392 "
4540,Ship's QMED,18,,"$3,022 ","$3,140 ","$3,279 ","$3,418 ","$3,574 ","$3,741 ","$3,921 ","$4,107 ","$4,303 ","$4,507 ","$3,500 ","$3,636 ","$3,797 ","$3,958 ","$4,139 ","$4,332 ","$4,541 ","$4,756 ","$4,983 ","$5,219 "
4526,Ship's Second Mate,25,,"$4,107 ","$4,303 ","$4,507 ","$4,733 ","$4,956 ","$5,193 ","$5,442 ","$5,709 ","$5,992 ","$6,286 ","$4,756 ","$4,983 ","$5,219 ","$5,481 ","$5,739 ","$6,014 ","$6,302 ","$6,611 ","$6,939 ","$7,280 "
4525,Ship's Third Mate,19,,"$3,140 ","$3,279 ","$3,418 ","$3,574 ","$3,741 ","$3,921 ","$4,107 ","$4,303 ","$4,507 ","$4,733 ","$3,636 ","$3,797 ","$3,958 ","$4,139 ","$4,332 ","$4,541 ","$4,756 ","$4,983 ","$5,219 ","$5,481 "
6612,Social Services Specialist 1,24,,"$3,921 ","$4,107 ","$4,303 ","$4,507 ","$4,733 ","$4,956 ","$5,193 ","$5,442 ","$5,709 ","$5,992 ","$4,541 ","$4,756 ","$4,983 ","$5,219 ","$5,481 ","$5,739 ","$6,014 ","$6,302 ","$6,611 ","$6,939 "
6613,Social Services Specialist 2,26,,"$4,303 ","$4,507 ","$4,733 ","$4,956 ","$5,193 ","$5,442 ","$5,709 ","$5,992 ","$6,286 ","$6,587 ","$4,983 ","$5,219 ","$5,481 ","$5,739 ","$6,014 ","$6,302 ","$6,611 ","$6,939 ","$7,280 ","$7,628 "
6222,Staff Nurse,28,,"$4,733 ","$4,956 ","$5,193 ","$5,442 ","$5,709 ","$5,992 ","$6,286 ","$6,587 ","$6,913 ","$7,247 ","$5,481 ","$5,739 ","$6,014 ","$6,302 ","$6,611 ","$6,939 ","$7,280 ","$7,628 ","$8,006 ","$8,392 "
2392,Stage Production Coordinator,15,,"$2,702 ","$2,807 ","$2,897 ","$3,022 ","$3,140 ","$3,279 ","$3,418 ","$3,574 ","$3,741 ","$3,921 ","$3,129 ","$3,251 ","$3,355 ","$3,500 ","$3,636 ","$3,797 ","$3,958 ","$4,139 ","$4,332 ","$4,541 "
4250,Stationary Boiler Operator,19T,,$0 ,$0 ,$0 ,$0 ,"$3,866 ","$4,059 ","$4,263 ","$4,470 ","$4,673 ","$4,895 ",$0 ,$0 ,$0 ,$0 ,"$4,477 ","$4,701 ","$4,937 ","$5,176 ","$5,412 ","$5,669 "
4249,Stationary Engineer,21,,"$3,418 ","$3,574 ","$3,741 ","$3,921 ","$4,107 ","$4,303 ","$4,507 ","$4,733 ","$4,956 ","$5,193 ","$3,958 ","$4,139 ","$4,332 ","$4,541 ","$4,756 ","$4,983 ","$5,219 ","$5,481 ","$5,739 ","$6,014 "
2302,Teaching Assistant,13,,$0 ,$0 ,"$2,702 ","$2,807 ","$2,897 ","$3,022 ","$3,140 ","$3,279 ","$3,418 ","$3,574 ",$0 ,$0 ,"$3,129 ","$3,251 ","$3,355 ","$3,500 ","$3,636 ","$3,797 ","$3,958 ","$4,139 "
1494,Telecommunications Analyst 1,21,,"$3,418 ","$3,574 ","$3,741 ","$3,921 ","$4,107 ","$4,303 ","$4,507 ","$4,733 ","$4,956 ","$5,193 ","$3,958 ","$4,139 ","$4,332 ","$4,541 ","$4,756 ","$4,983 ","$5,219 ","$5,481 ","$5,739 ","$6,014 "
1495,Telecommunications Analyst 2,24,,"$3,921 ","$4,107 ","$4,303 ","$4,507 ","$4,733 ","$4,956 ","$5,193 ","$5,442 ","$5,709 ","$5,992 ","$4,541 ","$4,756 ","$4,983 ","$5,219 ","$5,481 ","$5,739 ","$6,014 ","$6,302 ","$6,611 ","$6,939 "
1491,Telecommunications Technician 1,20,,"$3,279 ","$3,418 ","$3,574 ","$3,741 ","$3,921 ","$4,107 ","$4,303 ","$4,507 ","$4,733 ","$4,956 ","$3,797 ","$3,958 ","$4,139 ","$4,332 ","$4,541 ","$4,756 ","$4,983 ","$5,219 ","$5,481 ","$5,739 "
1493,Telecommunications Technician 2,23,,"$3,741 ","$3,921 ","$4,107 ","$4,303 ","$4,507 ","$4,733 ","$4,956 ","$5,193 ","$5,442 ","$5,709 ","$4,332 ","$4,541 ","$4,756 ","$4,983 ","$5,219 ","$5,481 ","$5,739 ","$6,014 ","$6,302 ","$6,611 "
6500,Therapy Aide,11,,$0 ,$0 ,$0 ,$0 ,"$2,702 ","$2,807 ","$2,897 ","$3,022 ","$3,140 ","$3,279 ",$0 ,$0 ,$0 ,$0 ,"$3,129 ","$3,251 ","$3,355 ","$3,500 ","$3,636 ","$3,797 "
4123,Trades/Maintenance Coordinator,21T,,$0 ,$0 ,$0 ,$0 ,"$4,255 ","$4,453 ","$4,666 ","$4,896 ","$5,142 ","$5,386 ",$0 ,$0 ,$0 ,$0 ,"$4,928 ","$5,157 ","$5,403 ","$5,670 ","$5,955 ","$6,237 "
4120,Trades/Maintenance Worker 1,13,,$0 ,$0 ,"$2,702 ","$2,807 ","$2,897 ","$3,022 ","$3,140 ","$3,279 ","$3,418 ","$3,574 ",$0 ,$0 ,"$3,129 ","$3,251 ","$3,355 ","$3,500 ","$3,636 ","$3,797 ","$3,958 ","$4,139 "
4121,Trades/Maintenance Worker 2,17,,"$2,897 ","$3,022 ","$3,140 ","$3,279 ","$3,418 ","$3,574 ","$3,741 ","$3,921 ","$4,107 ","$4,303 ","$3,355 ","$3,500 ","$3,636 ","$3,797 ","$3,958 ","$4,139 ","$4,332 ","$4,541 ","$4,756 ","$4,983 "
1332,Training Specialist,27,,"$4,507 ","$4,733 ","$4,956 ","$5,193 ","$5,442 ","$5,709 ","$5,992 ","$6,286 ","$6,587 ","$6,913 ","$5,219 ","$5,481 ","$5,739 ","$6,014 ","$6,302 ","$6,611 ","$6,939 ","$7,280 ","$7,628 ","$8,006 "
4403,Transporter,11B,,$0 ,$0 ,$0 ,$0 ,"$2,702 ","$2,807 ","$2,897 ","$3,022 ","$3,140 ","$3,279 ",$0 ,$0 ,$0 ,$0 ,"$3,129 ","$3,251 ","$3,355 ","$3,500 ","$3,636 ","$3,797 "
2140,Univ Development Project Coordinator 1,21,,"$3,418 ","$3,574 ","$3,741 ","$3,921 ","$4,107 ","$4,303 ","$4,507 ","$4,733 ","$4,956 ","$5,193 ","$3,958 ","$4,139 ","$4,332 ","$4,541 ","$4,756 ","$4,983 ","$5,219 ","$5,481 ","$5,739 ","$6,014 "
2142,Univ Development Project Coordinator 2,23,,"$3,741 ","$3,921 ","$4,107 ","$4,303 ","$4,507 ","$4,733 ","$4,956 ","$5,193 ","$5,442 ","$5,709 ","$4,332 ","$4,541 ","$4,756 ","$4,983 ","$5,219 ","$5,481 ","$5,739 ","$6,014 ","$6,302 ","$6,611 "
6411,Vet Animal Attendant,11,,$0 ,$0 ,$0 ,$0 ,"$2,702 ","$2,807 ","$2,897 ","$3,022 ","$3,140 ","$3,279 ",$0 ,$0 ,$0 ,$0 ,"$3,129 ","$3,251 ","$3,355 ","$3,500 ","$3,636 ","$3,797 "
6420,Veterinary Assistant,13,,$0 ,$0 ,"$2,702 ","$2,807 ","$2,897 ","$3,022 ","$3,140 ","$3,279 ","$3,418 ","$3,574 ",$0 ,$0 ,"$3,129 ","$3,251 ","$3,355 ","$3,500 ","$3,636 ","$3,797 ","$3,958 ","$4,139 "
6415,Vet Central Services Technican,15,,"$2,702 ","$2,807 ","$2,897 ","$3,022 ","$3,140 ","$3,279 ","$3,418 ","$3,574 ","$3,741 ","$3,921 ","$3,129 ","$3,251 ","$3,355 ","$3,500 ","$3,636 ","$3,797 ","$3,958 ","$4,139 ","$4,332 ","$4,541 "
6414,Vet Hospital Drug Room Technician,17,,"$2,897 ","$3,022 ","$3,140 ","$3,279 ","$3,418 ","$3,574 ","$3,741 ","$3,921 ","$4,107 ","$4,303 ","$3,355 ","$3,500 ","$3,636 ","$3,797 ","$3,958 ","$4,139 ","$4,332 ","$4,541 ","$4,756 ","$4,983 "
6885,Vet Isolation Facility Animal Care Tech,15,,"$2,702 ","$2,807 ","$2,897 ","$3,022 ","$3,140 ","$3,279 ","$3,418 ","$3,574 ","$3,741 ","$3,921 ","$3,129 ","$3,251 ","$3,355 ","$3,500 ","$3,636 ","$3,797 ","$3,958 ","$4,139 ","$4,332 ","$4,541 "
6421,Veterinary Technician 1,19,,"$3,140 ","$3,279 ","$3,418 ","$3,574 ","$3,741 ","$3,921 ","$4,107 ","$4,303 ","$4,507 ","$4,733 ","$3,636 ","$3,797 ","$3,958 ","$4,139 ","$4,332 ","$4,541 ","$4,756 ","$4,983 ","$5,219 ","$5,481 "
6422,Veterinary Technician 2,22,,"$3,574 ","$3,741 ","$3,921 ","$4,107 ","$4,303 ","$4,507 ","$4,733 ","$4,956 ","$5,193 ","$5,442 ","$4,139 ","$4,332 ","$4,541 ","$4,756 ","$4,983 ","$5,219 ","$5,481 ","$5,739 ","$6,014 ","$6,302 "
6423,Veterinary Technican 3,24,,"$3,921 ","$4,107 ","$4,303 ","$4,507 ","$4,733 ","$4,956 ","$5,193 ","$5,442 ","$5,709 ","$5,992 ","$4,541 ","$4,756 ","$4,983 ","$5,219 ","$5,481 ","$5,739 ","$6,014 ","$6,302 ","$6,611 ","$6,939 "
2175,Videographer 1,18,,"$3,022 ","$3,140 ","$3,279 ","$3,418 ","$3,574 ","$3,741 ","$3,921 ","$4,107 ","$4,303 ","$4,507 ","$3,500 ","$3,636 ","$3,797 ","$3,958 ","$4,139 ","$4,332 ","$4,541 ","$4,756 ","$4,983 ","$5,219 "
2176,Videographer 2,19,,"$3,140 ","$3,279 ","$3,418 ","$3,574 ","$3,741 ","$3,921 ","$4,107 ","$4,303 ","$4,507 ","$4,733 ","$3,636 ","$3,797 ","$3,958 ","$4,139 ","$4,332 ","$4,541 ","$4,756 ","$4,983 ","$5,219 ","$5,481 "
4142,Warehouse Coordinator,15,,"$2,702 ","$2,807 ","$2,897 ","$3,022 ","$3,140 ","$3,279 ","$3,418 ","$3,574 ","$3,741 ","$3,921 ","$3,129 ","$3,251 ","$3,355 ","$3,500 ","$3,636 ","$3,797 ","$3,958 ","$4,139 ","$4,332 ","$4,541 "
4140,Warehouse Worker,11,,$0 ,$0 ,$0 ,$0 ,"$2,702 ","$2,807 ","$2,897 ","$3,022 ","$3,140 ","$3,279 ",$0 ,$0 ,$0 ,$0 ,"$3,129 ","$3,251 ","$3,355 ","$3,500 ","$3,636 ","$3,797 "
4223,Welder,18T,,$0 ,$0 ,$0 ,$0 ,"$3,695 ","$3,866 ","$4,059 ","$4,263 ","$4,470 ","$4,673 ",$0 ,$0 ,$0 ,$0 ,"$4,279 ","$4,477 ","$4,701 ","$4,937 ","$5,176 ","$5,412 "
530,Word Processing Technician 1,12,,$0 ,$0 ,$0 ,"$2,702 ","$2,807 ","$2,897 ","$3,022 ","$3,140 ","$3,279 ","$3,418 ",$0 ,$0 ,$0 ,"$3,129 ","$3,251 ","$3,355 ","$3,500 ","$3,636 ","$3,797 ","$3,958 "
531,Word Processing Technician 2,14,,$0 ,"$2,702 ","$2,807 ","$2,897 ","$3,022 ","$3,140 ","$3,279 ","$3,418 ","$3,574 ","$3,741 ",$0 ,"$3,129 ","$3,251 ","$3,355 ","$3,500 ","$3,636 ","$3,797 ","$3,958 ","$4,139 ","$4,332 "
532,Word Processing Technician 3,16,,"$2,807 ","$2,897 ","$3,022 ","$3,140 ","$3,279 ","$3,418 ","$3,574 ","$3,741 ","$3,921 ","$4,107 ","$3,251 ","$3,355 ","$3,500 ","$3,636 ","$3,797 ","$3,958 ","$4,139 ","$4,332 ","$4,541 ","$4,756 "